Hotel Name,Locality,Price,Rating,Score,Reviews,Link
Hotel K K Casa-Few Step away from New Delhi Railway Station & 3 Mint walk from Connaught place,"Paharganj, New Delhi (Chandni Chowk)","RS 2,250",Wonderful,9.4,5,https://www.booking.com/hotel/in/k-k-casa-new-delhi-railway-station.html?label=gen173nr-10CAEoggI46AdIM1gEaGyIAQGYATO4ARfIAQzYAQPoAQH4AQGIAgGoAgG4AvCmkcgGwAIB0gIkNzFhN2ZmNWEtZDhhYy00NDAhLTlhMWMtYjQ3YmVkMDY2MWUx2AIB4AIB&aid=304142&ucfs=1&arphpl=1&checkin=2025-11-01&checkout=2025-11-02&dest_id=-2106102&dest_type=city&group_adults=2&req_adults=2&no_rooms=1&group_children=0&req_children=0&hpos=1&hapos=1&sr_order=popularity&srpvid=961c8f47a86b32b8ba1bcf088f10293a&srepoch=1761905636&all_sr_blocks=1504651701_423609778_2_42_0&highlighted_blocks=1504651701_423609778_2_42_0&matching_block_id=1504651701_423609778_2_42_0&sr_pri_blocks=1504651701_423609778_2_42_0__225000&from=searchresults
"Andaz Delhi, by Hyatt","Aerocity, New Delhi (Aerocity)","RS 19,000",Excellent,8.8,1605,https://www.booking.com/hotel/in/andaz-delhi.html?label=gen173nr-10CAEoggI46AdIM1gEaGyIAQGYATO4ARfIAQzYAQPoAQH4AQGIAgGoAgG4AvCmkcgGwAIB0gIkNzFhN2ZmNWEtZDhhYy00NDAhLTlhMWMtYjQ3YmVkMDY2MWUx2AIB4AIB&aid=304142&ucfs=1&arphpl=1&checkin=2025-11-01&checkout=2025-11-02&dest_id=-2106102&dest_type=city&group_adults=2&req_adults=2&no_rooms=1&group_children=0&req_children=0&hpos=2&hapos=2&sr_order=popularity&srpvid=961c8f47a86b32b8ba1bcf088f10293a&srepoch=1761905636&all_sr_blocks=209824102_269950369_2_2_0&highlighted_blocks=209824102_269950369_2_2_0&matching_block_id=209824102_269950369_2_2_0&sr_pri_blocks=209824102_269950369_2_2_0__1900000&nad_id=b23b7377-2825-478b-a5bd-470293a03946_0&nad_cpc=0.5&nad_track=eyJhdWN0aW9uRXBvY2giOjE3NjE5MDU2MzU2NjUsInJhbmsiOjEsImtvZGRpVHJhY2tpbmdJbmZvIjoiVGJXVWcySlhWdzlsdHFTNnZrckVBNlJTeUFQUXIyS3pHWDcvMXVYaHVHajZXSFd2NXlHZFpRZFNlUVJDdGhDQUdNcStWenE1UEFGTDh3Q1ZKcUt0ZGRtbEFDMnhqRk5aczJLbGs2ZDZiN01EaU1vTXBEVmFaenhqNm9ZeEVvaDZBdFllZFhNcXZDNk4zeEZhK1F3V3E5MDhVOSt6dER5TlJ1UmtUT0JGdHJNS3ZyNnkvS2ZjNEgrQXdoVGN3OVZ4S3M5dG50dzhHWC95N083dEwydmNZSE5LaDJDRTNNc1NPS3JOZXV3RDhQNnlqRmdNb0twN1JLYWxvTFh5ZU0wOVlYeGhCNGJrVzhNS3dQQUQwUE1OK2gweDBtd2VQR0V3SHd2eHROKzZCcVJmbVRXaXVjcGdyK21SdzhTd3F5K3pKZk1MZDVJdktnNkpBWTd3eW8wVjhObWh6UER2VUZkb1RodHJQYVFkRnlaYXF3ZDBmYmhLalRDc0NkbFVxY2hpTUFLa0k5VXhWdEtVNUZuTWM1ZVlkL0tUMHB3WTJhcGRaTjlXRkRMaWJISWxmY3l5WGJMMm9xQTZqNWRyUFluWFlBQ0oyZGRreTlFdi92SkkwVTRHcHFqWmRTYkdnTm51UnF4aFlabE02UUVWTStLSEN5UXZLVVo2cE1JME5VRGp2WG1lNUdyZU9vdlR5QjNSVG95Vm1veXJLMFc4YnJMS1NQeitMUkp4WEl3QzZhd0RuVlphZ25aNkJKZldVNVNUUFNoRTF5L29vR05GQXNZcVdXSmwrRmZYUFU1MWRuc2tRNjdlbW1EUjh0cDdGMzZvTXYrSlJkVEhBOWhHaTB5RjdLYmc5a252KzQrTTJkMkorMUt3MnJhVU1ZVXVSSi9SNm8ydGMzemxoQTg1cm1sS2hTdUo1Qm1uV1ZFam9uclRFdWRsYnViWHY5UU9oamJVQXdoOVkrbEJvSUlRcE12MnAyMGkvNmhMd3JWT3drWVRlZ01UZzg3Z0dhbG5PaTNWSnZ6N25mbkgyd2RRcVlWU05LazM1YkpXS09MZ0tuazlyZjFJTzRwMkFGR3hkTkFncGRpM3BrMVpaYTYxcS9lZXZ1OVQ4bTdlb01TUXdFTW9PUytleUtURDR4T0xWdlhVMzNObmxVUzI0MzFyRXdITDBjVlNRUVR1RjZPUVpRRCsvTThWTjJncUE3a0E2Rm9sVmh0aGxlWEpXbSs0ZTZXSHVFMEdNdnA0UHdvQ2NVRW5DT0E0c0p4YU5pb0JaYjRGdU80R29lNXQ4NGM5NjFwTEZNNDh2dFVHZEE4UnVtQklaNjNEQmt5aWVMZElQaXFhMW9uL1cxMmV6dDBrY21BVm5DWXlybVl4aWdnTWxoTkNVM3I1Y0VDTlkzT2RGU3ZLWXlUNDZWdjBKWGZ2NDZKdjFiZlpXdXFkOGdwMU1zL1N0L2RZc1VZVlArR25qS0VPRmNYK2grVWMxbEpmcTkxYVZPY0xMaExvNkV3dnZ4am1HcWpIR3E3UTV1THg2dmQ3K3BDVU9JbkhJZWNVV1kwR25KeXBjR3JFY0NHS3IwdnFZUmVxbHRLS213d2pGckxKYXpaQjNqa3ZhTE43MTZ5bUVid1VzRE9VSmlPODhNdXJRbEpkMG04WHdnc2xOczJJbXZka1FFNkJmYjJSaktkTWRCSlRYNjNxWFBvcmprenJOVks3RGprSlZTQ2p3Ulk4RWNFR1Y4TTBYVUFGU3k2cTFCVWRWQjY0bXdTSExpYWs1Vnp6VDJiaklUVVVsMFlqTkpFWjhaeENwQW9lc3psVmIxQWNxUCtUK3ZPcUxic3BsWVlOcnFkWU5LSkgvVy9IM1FsMHJsUWd2ZnZXT2ljRWZZTmlKU3pnbEVsTVdGQjF6VEttTG9MUjYzQjhhcWNrdDlpQ0FMR1R6Nk0xMlFXNzRHYkROdXhQWkhhbXdSeGp2UndDNGtBdDJJcEFXWDk5LzVHbTZvVmZFdm5vSGRVbmZRM2E0WnJHSnlpSTROSnpEUnJWZTVDa0hPVDA1NkcrWVR1VlZWa0VWQldmQUlNWWtRM3l6OEZsb0IrWS9Ma2xBcHBldXdoYURKdHF5RUg4Z1poRncxa3c0NStXUk9qRjA0WFVNN0VySEUyZ3RXNy96M0szWEMyTC93YWhNTzdUMVAzTDdEZWFVdTc3WjBtbGxYN09Da2hFSVBTMDJlc1l0bXg2elJDa25TcXpnd2xLalpITW41QVBpeU40RnJncjZBSksxNksxVlZNQnJTeWh3WE9jMzFJMlpsemJod2s4SER2V1c4RS9NZm1sVEp1VmFPQkVwNENrL2Vib243MUp3RHN3bGJhanpXZ3hOWU9mOXNhVUlUS2o3RGxWa3JRZ0V1R3lma3I0TDRpazZNUHozbkJIWGQ2OWxhNCtKWmJYUERDNUVYWG8vVmJZdEp4aXh4WW5QR0l5aGNTQWhVYUswMGozSlM5amZuY1doQmJTaUhrVWo4VXBoVHJwdlRocS96K3VLbHhxZWtUSW5vZW9XalNoOC9aNWJGZHg1NzM3TFlkM0cxK2xqY0VOSXpvR1g4L214ZUhoSG4zNmljUGJaeUE5OUJRRGQxeXRzd0J2cWYvZUNwZFY3SU1aWmJRZzZ0VFVPOTMvZzVJSkdxTzBxMFlJTUNLemE4aS9ZT2l0N3BLZWpud2w3Q2pHUzFsZms0ZElPTHFHMHJnRDV3ZFE4ZUpsbzcwWXVRYUVHREl2ZG83MnY4T3AwdXVmdEhJNE5GbUYrVW9UWjU2V1VOcHhwTkdKZEh3Y2ZwVGtScmVQM1hiWXBhMEkxZ0srWDViMy9BSUJVNjMwVUxPdmpJTnNPM0hlTnM1bTA5SUdFYUI0bk82dktaYWkrSUVocXI1TXVkWUYxTmNkNTQ3b2ZqZkYvOXY1TW10bmlJa2xsazMzVkc3cmYxLzVXOFV1S1hJTnh0YkJ6aGs4V1VPcCtUVGdveHppRDkzRVFzeXBuYXNsL0RCTFltRU1mazlxV0ZlK2lvc3F1VDBQVzc2VEkyS3dzSEhKMFA1VXM2SlFDeHk5VEEyZkE4MjRvVUJ3KytSTDNpcmI0eUVtc1pSYmhDRHhPVEttOFVRTkZ3MmpZTjJnMlc2aysyOUlHTGJRSDRHZW9SVVF6QWpqb0s4SjR6amJiU1JwZHlkOGYxK3c4VFdhYmxyR0tCaFkyNkhyMGF0YWZrY2QyNFJXOGFTTlVBZ1ZUK3FaZWphbXJPd3NrTVhKRlFRclpCaDdFb2V4ZTNDeFZuMWM4LzNpQzhESHhzRUZRNlJzV1NJQVlnRXlxRWZMcUhydk1OczdTaHpWb2h4U0t1eDRrVzYwcVhJMERPREZMU3NBZTJsWUY1RktQNEFYUzFmNXpra3JZU25RcGo2Q3dWRlR0VnZUakE9PSJ9&nad_placement=SR_MAIN&from=searchresults
Hotel Delhi 55 -City Center,"Paharganj, New Delhi (Chandni Chowk)","RS 1,215",Good,7.8,279,https://www.booking.com/hotel/in/delhi55.html?label=gen173nr-10CAEoggI46AdIM1gEaGyIAQGYATO4ARfIAQzYAQPoAQH4AQGIAgGoAgG4AvCmkcgGwAIB0gIkNzFhN2ZmNWEtZDhhYy00NDAhLTlhMWMtYjQ3YmVkMDY2MWUx2AIB4AIB&aid=304142&ucfs=1&arphpl=1&checkin=2025-11-01&checkout=2025-11-02&dest_id=-2106102&dest_type=city&group_adults=2&req_adults=2&no_rooms=1&group_children=0&req_children=0&hpos=3&hapos=3&sr_order=popularity&srpvid=961c8f47a86b32b8ba1bcf088f10293a&srepoch=1761905636&all_sr_blocks=54533701_105734349_2_42_0&highlighted_blocks=54533701_105734349_2_42_0&matching_block_id=54533701_105734349_2_42_0&sr_pri_blocks=54533701_105734349_2_42_0__121500&from=searchresults
Hotel Elevate Suites Near Delhi Airport WITH- Free Airport PICKUP,"Aerocity, New Delhi (Aerocity)","RS 4,212",Excellent,8.7,239,https://www.booking.com/hotel/in/sos.html?label=gen173nr-10CAEoggI46AdIM1gEaGyIAQGYATO4ARfIAQzYAQPoAQH4AQGIAgGoAgG4AvCmkcgGwAIB0gIkNzFhN2ZmNWEtZDhhYy00NDAhLTlhMWMtYjQ3YmVkMDY2MWUx2AIB4AIB&aid=304142&ucfs=1&arphpl=1&checkin=2025-11-01&checkout=2025-11-02&dest_id=-2106102&dest_type=city&group_adults=2&req_adults=2&no_rooms=1&group_children=0&req_children=0&hpos=4&hapos=4&sr_order=popularity&srpvid=961c8f47a86b32b8ba1bcf088f10293a&srepoch=1761905636&all_sr_blocks=929307308_364919093_0_41_0&highlighted_blocks=929307308_364919093_0_41_0&matching_block_id=929307308_364919093_0_41_0&sr_pri_blocks=929307308_364919093_0_41_0__421153&from=searchresults
Via Jeet Stays - Near Dilshad Garden Metro Station,New Delhi,RS 503,Review score,5.9,17,https://www.booking.com/hotel/in/oyo-flagship-80461-r-k-residency.html?label=gen173nr-10CAEoggI46AdIM1gEaGyIAQGYATO4ARfIAQzYAQPoAQH4AQGIAgGoAgG4AvCmkcgGwAIB0gIkNzFhN2ZmNWEtZDhhYy00NDAhLTlhMWMtYjQ3YmVkMDY2MWUx2AIB4AIB&aid=304142&ucfs=1&arphpl=1&checkin=2025-11-01&checkout=2025-11-02&dest_id=-2106102&dest_type=city&group_adults=2&req_adults=2&no_rooms=1&group_children=0&req_children=0&hpos=5&hapos=5&sr_order=popularity&srpvid=961c8f47a86b32b8ba1bcf088f10293a&srepoch=1761905636&all_sr_blocks=930021903_415553553_2_40_0&highlighted_blocks=930021903_415553553_2_40_0&matching_block_id=930021903_415553553_2_40_0&sr_pri_blocks=930021903_415553553_2_40_0__50330&from=searchresults
Hotel Glory Near IGI Airport New Delhi,"Aerocity, New Delhi (Aerocity)","RS 1,185",Wonderful,9.0,24,https://www.booking.com/hotel/in/sachin-new-delhi3.html?label=gen173nr-10CAEoggI46AdIM1gEaGyIAQGYATO4ARfIAQzYAQPoAQH4AQGIAgGoAgG4AvCmkcgGwAIB0gIkNzFhN2ZmNWEtZDhhYy00NDAhLTlhMWMtYjQ3YmVkMDY2MWUx2AIB4AIB&aid=304142&ucfs=1&arphpl=1&checkin=2025-11-01&checkout=2025-11-02&dest_id=-2106102&dest_type=city&group_adults=2&req_adults=2&no_rooms=1&group_children=0&req_children=0&hpos=6&hapos=6&sr_order=popularity&srpvid=961c8f47a86b32b8ba1bcf088f10293a&srepoch=1761905636&all_sr_blocks=1496051001_421281138_2_41_0&highlighted_blocks=1496051001_421281138_2_41_0&matching_block_id=1496051001_421281138_2_41_0&sr_pri_blocks=1496051001_421281138_2_41_0__118499&from=searchresults
Hotel Seven Inn Plaza Near IGI Delhi Airport,New Delhi,"RS 1,214",Very Good,8.3,102,https://www.booking.com/hotel/in/seven-plaza.html?label=gen173nr-10CAEoggI46AdIM1gEaGyIAQGYATO4ARfIAQzYAQPoAQH4AQGIAgGoAgG4AvCmkcgGwAIB0gIkNzFhN2ZmNWEtZDhhYy00NDAhLTlhMWMtYjQ3YmVkMDY2MWUx2AIB4AIB&aid=304142&ucfs=1&arphpl=1&checkin=2025-11-01&checkout=2025-11-02&dest_id=-2106102&dest_type=city&group_adults=2&req_adults=2&no_rooms=1&group_children=0&req_children=0&hpos=7&hapos=7&sr_order=popularity&srpvid=961c8f47a86b32b8ba1bcf088f10293a&srepoch=1761905636&all_sr_blocks=1490695001_420731703_2_41_0&highlighted_blocks=1490695001_420731703_2_41_0&matching_block_id=1490695001_420731703_2_41_0&sr_pri_blocks=1490695001_420731703_2_41_0__121419&from=searchresults
Saltstayz Thyme - New Friends Colony,"Okhla, New Delhi (Okhla)","RS 4,820",Very Good,8.1,364,https://www.booking.com/hotel/in/saltstayz-thyme-new-friends-colony.html?label=gen173nr-10CAEoggI46AdIM1gEaGyIAQGYATO4ARfIAQzYAQPoAQH4AQGIAgGoAgG4AvCmkcgGwAIB0gIkNzFhN2ZmNWEtZDhhYy00NDAhLTlhMWMtYjQ3YmVkMDY2MWUx2AIB4AIB&aid=304142&ucfs=1&arphpl=1&checkin=2025-11-01&checkout=2025-11-02&dest_id=-2106102&dest_type=city&group_adults=2&req_adults=2&no_rooms=1&group_children=0&req_children=0&hpos=8&hapos=8&sr_order=popularity&srpvid=961c8f47a86b32b8ba1bcf088f10293a&srepoch=1761905636&all_sr_blocks=1181008302_391384475_2_10_0_1177469&highlighted_blocks=1181008302_391384475_2_10_0_1177469&matching_block_id=1181008302_391384475_2_10_0_1177469&sr_pri_blocks=1181008302_391384475_2_10_0_1177469_481950&from=searchresults
Hotel Tripple Tree - Karol Bagh,"Karol bagh, New Delhi","RS 3,604",Excellent,8.6,994,https://www.booking.com/hotel/in/tripple-tree-new-delhi.html?label=gen173nr-10CAEoggI46AdIM1gEaGyIAQGYATO4ARfIAQzYAQPoAQH4AQGIAgGoAgG4AvCmkcgGwAIB0gIkNzFhN2ZmNWEtZDhhYy00NDAhLTlhMWMtYjQ3YmVkMDY2MWUx2AIB4AIB&aid=304142&ucfs=1&arphpl=1&checkin=2025-11-01&checkout=2025-11-02&dest_id=-2106102&dest_type=city&group_adults=2&req_adults=2&no_rooms=1&group_children=0&req_children=0&hpos=9&hapos=9&sr_order=popularity&srpvid=961c8f47a86b32b8ba1bcf088f10293a&srepoch=1761905636&all_sr_blocks=812670201_343656417_2_42_0_712419&highlighted_blocks=812670201_343656417_2_42_0_712419&matching_block_id=812670201_343656417_2_42_0_712419&sr_pri_blocks=812670201_343656417_2_42_0_712419_360355&from=searchresults
Arch The Lohias,"Mahipalpur, New Delhi","RS 4,680",Good,7.4,36,https://www.booking.com/hotel/in/arch-the-lohias.html?label=gen173nr-10CAEoggI46AdIM1gEaGyIAQGYATO4ARfIAQzYAQPoAQH4AQGIAgGoAgG4AvCmkcgGwAIB0gIkNzFhN2ZmNWEtZDhhYy00NDAhLTlhMWMtYjQ3YmVkMDY2MWUx2AIB4AIB&aid=304142&ucfs=1&arphpl=1&checkin=2025-11-01&checkout=2025-11-02&dest_id=-2106102&dest_type=city&group_adults=2&req_adults=2&no_rooms=1&group_children=0&req_children=0&hpos=10&hapos=10&sr_order=popularity&srpvid=961c8f47a86b32b8ba1bcf088f10293a&srepoch=1761905636&all_sr_blocks=1377117501_409839074_2_42_0_1128694&highlighted_blocks=1377117501_409839074_2_42_0_1128694&matching_block_id=1377117501_409839074_2_42_0_1128694&sr_pri_blocks=1377117501_409839074_2_42_0_1128694_467964&from=searchresults
Hotel Red Castle - Karol Bagh - Where luxury meets comfort,"Karol bagh, New Delhi","RS 3,214",Very Good,8.5,633,https://www.booking.com/hotel/in/red-castle-new-delhi.html?label=gen173nr-10CAEoggI46AdIM1gEaGyIAQGYATO4ARfIAQzYAQPoAQH4AQGIAgGoAgG4AvCmkcgGwAIB0gIkNzFhN2ZmNWEtZDhhYy00NDAhLTlhMWMtYjQ3YmVkMDY2MWUx2AIB4AIB&aid=304142&ucfs=1&arphpl=1&checkin=2025-11-01&checkout=2025-11-02&dest_id=-2106102&dest_type=city&group_adults=2&req_adults=2&no_rooms=1&group_children=0&req_children=0&hpos=11&hapos=11&sr_order=popularity&srpvid=961c8f47a86b32b8ba1bcf088f10293a&srepoch=1761905636&all_sr_blocks=783447601_337820993_2_42_0_712406&highlighted_blocks=783447601_337820993_2_42_0_712406&matching_block_id=783447601_337820993_2_42_0_712406&sr_pri_blocks=783447601_337820993_2_42_0_712406_321400&from=searchresults
The Grand Orion - Kailash Colony,"Kailash Colony, New Delhi","RS 7,149",Good,7.9,175,https://www.booking.com/hotel/in/mapple-express.html?label=gen173nr-10CAEoggI46AdIM1gEaGyIAQGYATO4ARfIAQzYAQPoAQH4AQGIAgGoAgG4AvCmkcgGwAIB0gIkNzFhN2ZmNWEtZDhhYy00NDAhLTlhMWMtYjQ3YmVkMDY2MWUx2AIB4AIB&aid=304142&ucfs=1&arphpl=1&checkin=2025-11-01&checkout=2025-11-02&dest_id=-2106102&dest_type=city&group_adults=2&req_adults=2&no_rooms=1&group_children=0&req_children=0&hpos=12&hapos=12&sr_order=popularity&srpvid=961c8f47a86b32b8ba1bcf088f10293a&srepoch=1761905636&all_sr_blocks=79349702_406041624_2_42_0&highlighted_blocks=79349702_406041624_2_42_0&matching_block_id=79349702_406041624_2_42_0&sr_pri_blocks=79349702_406041624_2_42_0__714935&from=searchresults
Hotel Blue Pearl - Free Airport Pick up,"Paharganj, New Delhi (Chandni Chowk)","RS 2,520",Very Good,8.2,3442,https://www.booking.com/hotel/in/blue-pearl.html?label=gen173nr-10CAEoggI46AdIM1gEaGyIAQGYATO4ARfIAQzYAQPoAQH4AQGIAgGoAgG4AvCmkcgGwAIB0gIkNzFhN2ZmNWEtZDhhYy00NDAhLTlhMWMtYjQ3YmVkMDY2MWUx2AIB4AIB&aid=304142&ucfs=1&arphpl=1&checkin=2025-11-01&checkout=2025-11-02&dest_id=-2106102&dest_type=city&group_adults=2&req_adults=2&no_rooms=1&group_children=0&req_children=0&hpos=13&hapos=13&sr_order=popularity&srpvid=961c8f47a86b32b8ba1bcf088f10293a&srepoch=1761905636&all_sr_blocks=74201710_239092790_2_41_0_1172736&highlighted_blocks=74201710_239092790_2_41_0_1172736&matching_block_id=74201710_239092790_2_41_0_1172736&sr_pri_blocks=74201710_239092790_2_41_0_1172736_252000&from=searchresults
The IVY Grand Hotel - 5 Minutes from Connaught Place and New Delhi Railway Station With Free Secured Parking,"Paharganj, New Delhi (Chandni Chowk)","RS 3,600",Excellent,8.6,709,https://www.booking.com/hotel/in/the-ivy-grand.html?label=gen173nr-10CAEoggI46AdIM1gEaGyIAQGYATO4ARfIAQzYAQPoAQH4AQGIAgGoAgG4AvCmkcgGwAIB0gIkNzFhN2ZmNWEtZDhhYy00NDAhLTlhMWMtYjQ3YmVkMDY2MWUx2AIB4AIB&aid=304142&ucfs=1&arphpl=1&checkin=2025-11-01&checkout=2025-11-02&dest_id=-2106102&dest_type=city&group_adults=2&req_adults=2&no_rooms=1&group_children=0&req_children=0&hpos=14&hapos=14&sr_order=popularity&srpvid=961c8f47a86b32b8ba1bcf088f10293a&srepoch=1761905636&all_sr_blocks=788688401_338515679_2_42_0_799232&highlighted_blocks=788688401_338515679_2_42_0_799232&matching_block_id=788688401_338515679_2_42_0_799232&sr_pri_blocks=788688401_338515679_2_42_0_799232_359960&from=searchresults
The Prime Delhi - Luxe Collection Hotel,"Paharganj, New Delhi (Chandni Chowk)","RS 6,750",Very Good,8.0,3759,https://www.booking.com/hotel/in/the-prime-delhi.html?label=gen173nr-10CAEoggI46AdIM1gEaGyIAQGYATO4ARfIAQzYAQPoAQH4AQGIAgGoAgG4AvCmkcgGwAIB0gIkNzFhN2ZmNWEtZDhhYy00NDAhLTlhMWMtYjQ3YmVkMDY2MWUx2AIB4AIB&aid=304142&ucfs=1&arphpl=1&checkin=2025-11-01&checkout=2025-11-02&dest_id=-2106102&dest_type=city&group_adults=2&req_adults=2&no_rooms=1&group_children=0&req_children=0&hpos=15&hapos=15&sr_order=popularity&srpvid=961c8f47a86b32b8ba1bcf088f10293a&srepoch=1761905636&all_sr_blocks=784318701_337931716_2_42_0&highlighted_blocks=784318701_337931716_2_42_0&matching_block_id=784318701_337931716_2_42_0&sr_pri_blocks=784318701_337931716_2_42_0__675000&from=searchresults
"Hotel Bricks, Karol Bagh, New Delhi","Karol bagh, New Delhi","RS 2,399",Very Good,8.3,1002,https://www.booking.com/hotel/in/bricks-karol-bagh-new-delhi1.html?label=gen173nr-10CAEoggI46AdIM1gEaGyIAQGYATO4ARfIAQzYAQPoAQH4AQGIAgGoAgG4AvCmkcgGwAIB0gIkNzFhN2ZmNWEtZDhhYy00NDAhLTlhMWMtYjQ3YmVkMDY2MWUx2AIB4AIB&aid=304142&ucfs=1&arphpl=1&checkin=2025-11-01&checkout=2025-11-02&dest_id=-2106102&dest_type=city&group_adults=2&req_adults=2&no_rooms=1&group_children=0&req_children=0&hpos=16&hapos=16&sr_order=popularity&srpvid=961c8f47a86b32b8ba1bcf088f10293a&srepoch=1761905636&all_sr_blocks=816128401_344791928_2_2_0&highlighted_blocks=816128401_344791928_2_2_0&matching_block_id=816128401_344791928_2_2_0&sr_pri_blocks=816128401_344791928_2_2_0__239940&from=searchresults
Hotel Namaste Hindustan Just a Minute Away From New Delhi Railway Station and Connaught place,"Paharganj, New Delhi (Chandni Chowk)","RS 6,325",Excellent,8.9,1653,https://www.booking.com/hotel/in/namaste-hindustan-just-a-minute-away-from-new-delhi-railway-station.html?label=gen173nr-10CAEoggI46AdIM1gEaGyIAQGYATO4ARfIAQzYAQPoAQH4AQGIAgGoAgG4AvCmkcgGwAIB0gIkNzFhN2ZmNWEtZDhhYy00NDAhLTlhMWMtYjQ3YmVkMDY2MWUx2AIB4AIB&aid=304142&ucfs=1&arphpl=1&checkin=2025-11-01&checkout=2025-11-02&dest_id=-2106102&dest_type=city&group_adults=2&req_adults=2&no_rooms=1&group_children=0&req_children=0&hpos=17&hapos=17&sr_order=popularity&srpvid=961c8f47a86b32b8ba1bcf088f10293a&srepoch=1761905636&all_sr_blocks=1295786409_402836621_2_42_0_1209731&highlighted_blocks=1295786409_402836621_2_42_0_1209731&matching_block_id=1295786409_402836621_2_42_0_1209731&sr_pri_blocks=1295786409_402836621_2_42_0_1209731_632500&from=searchresults
Hotel Cosmo Near BLK Hospital Karol Bagh,"Karol bagh, New Delhi","RS 2,583",Very Good,8.4,541,https://www.booking.com/hotel/in/cosmo-karol-bagh.html?label=gen173nr-10CAEoggI46AdIM1gEaGyIAQGYATO4ARfIAQzYAQPoAQH4AQGIAgGoAgG4AvCmkcgGwAIB0gIkNzFhN2ZmNWEtZDhhYy00NDAhLTlhMWMtYjQ3YmVkMDY2MWUx2AIB4AIB&aid=304142&ucfs=1&arphpl=1&checkin=2025-11-01&checkout=2025-11-02&dest_id=-2106102&dest_type=city&group_adults=2&req_adults=2&no_rooms=1&group_children=0&req_children=0&hpos=18&hapos=18&sr_order=popularity&srpvid=961c8f47a86b32b8ba1bcf088f10293a&srepoch=1761905636&all_sr_blocks=1160608601_388767165_2_42_0_594292&highlighted_blocks=1160608601_388767165_2_42_0_594292&matching_block_id=1160608601_388767165_2_42_0_594292&sr_pri_blocks=1160608601_388767165_2_42_0_594292_258259&from=searchresults
Hotel Z Suites with FREE Airport Drop,"Aerocity, New Delhi (Aerocity)","RS 3,600",Good,7.7,195,https://www.booking.com/hotel/in/zsui-prime.html?label=gen173nr-10CAEoggI46AdIM1gEaGyIAQGYATO4ARfIAQzYAQPoAQH4AQGIAgGoAgG4AvCmkcgGwAIB0gIkNzFhN2ZmNWEtZDhhYy00NDAhLTlhMWMtYjQ3YmVkMDY2MWUx2AIB4AIB&aid=304142&ucfs=1&arphpl=1&checkin=2025-11-01&checkout=2025-11-02&dest_id=-2106102&dest_type=city&group_adults=2&req_adults=2&no_rooms=1&group_children=0&req_children=0&hpos=19&hapos=19&sr_order=popularity&srpvid=961c8f47a86b32b8ba1bcf088f10293a&srepoch=1761905636&all_sr_blocks=1174249001_395805158_2_42_0_1166222&highlighted_blocks=1174249001_395805158_2_42_0_1166222&matching_block_id=1174249001_395805158_2_42_0_1166222&sr_pri_blocks=1174249001_395805158_2_42_0_1166222_359955&from=searchresults
"Hotel The Prime Balaji Deluxe, City Centre, With Free Airport Pickup","Paharganj, New Delhi (Chandni Chowk)","RS 3,770",Very Good,8.0,1579,https://www.booking.com/hotel/in/the-prime-balaji-deluxe-new-delhi-railway-station.html?label=gen173nr-10CAEoggI46AdIM1gEaGyIAQGYATO4ARfIAQzYAQPoAQH4AQGIAgGoAgG4AvCmkcgGwAIB0gIkNzFhN2ZmNWEtZDhhYy00NDAhLTlhMWMtYjQ3YmVkMDY2MWUx2AIB4AIB&aid=304142&ucfs=1&arphpl=1&checkin=2025-11-01&checkout=2025-11-02&dest_id=-2106102&dest_type=city&group_adults=2&req_adults=2&no_rooms=1&group_children=0&req_children=0&hpos=20&hapos=20&sr_order=popularity&srpvid=961c8f47a86b32b8ba1bcf088f10293a&srepoch=1761905636&all_sr_blocks=117775902_420182366_2_41_0_903252&highlighted_blocks=117775902_420182366_2_41_0_903252&matching_block_id=117775902_420182366_2_41_0_903252&sr_pri_blocks=117775902_420182366_2_41_0_903252_377000&from=searchresults
IVA Premium Aerocity - Free Airport Pickup or Drop,"Aerocity, New Delhi (Aerocity)","RS 11,619",Good,7.9,143,https://www.booking.com/hotel/in/iva-hotels-aerocity.html?label=gen173nr-10CAEoggI46AdIM1gEaGyIAQGYATO4ARfIAQzYAQPoAQH4AQGIAgGoAgG4AvCmkcgGwAIB0gIkNzFhN2ZmNWEtZDhhYy00NDAhLTlhMWMtYjQ3YmVkMDY2MWUx2AIB4AIB&aid=304142&ucfs=1&arphpl=1&checkin=2025-11-01&checkout=2025-11-02&dest_id=-2106102&dest_type=city&group_adults=2&req_adults=2&no_rooms=1&group_children=0&req_children=0&hpos=21&hapos=21&sr_order=popularity&srpvid=961c8f47a86b32b8ba1bcf088f10293a&srepoch=1761905636&all_sr_blocks=1402245801_417892061_2_40_0_906205&highlighted_blocks=1402245801_417892061_2_40_0_906205&matching_block_id=1402245801_417892061_2_40_0_906205&sr_pri_blocks=1402245801_417892061_2_40_0_906205_1161930&from=searchresults
The Shanti Plaza - Traveler's choice awarded 2025,"Paharganj, New Delhi (Chandni Chowk)","RS 3,120",Excellent,8.6,558,https://www.booking.com/hotel/in/shanti-plaza.html?label=gen173nr-10CAEoggI46AdIM1gEaGyIAQGYATO4ARfIAQzYAQPoAQH4AQGIAgGoAgG4AvCmkcgGwAIB0gIkNzFhN2ZmNWEtZDhhYy00NDAhLTlhMWMtYjQ3YmVkMDY2MWUx2AIB4AIB&aid=304142&ucfs=1&arphpl=1&checkin=2025-11-01&checkout=2025-11-02&dest_id=-2106102&dest_type=city&group_adults=2&req_adults=2&no_rooms=1&group_children=0&req_children=0&hpos=22&hapos=22&sr_order=popularity&srpvid=961c8f47a86b32b8ba1bcf088f10293a&srepoch=1761905636&all_sr_blocks=213208105_96413850_2_41_0_825884&highlighted_blocks=213208105_96413850_2_41_0_825884&matching_block_id=213208105_96413850_2_41_0_825884&sr_pri_blocks=213208105_96413850_2_41_0_825884_312000&from=searchresults
"Airport Le Premier, New Delhi","Mahipalpur, New Delhi","RS 3,013",Very Good,8.4,524,https://www.booking.com/hotel/in/airport-le-premier-new-delhi.html?label=gen173nr-10CAEoggI46AdIM1gEaGyIAQGYATO4ARfIAQzYAQPoAQH4AQGIAgGoAgG4AvCmkcgGwAIB0gIkNzFhN2ZmNWEtZDhhYy00NDAhLTlhMWMtYjQ3YmVkMDY2MWUx2AIB4AIB&aid=304142&ucfs=1&arphpl=1&checkin=2025-11-01&checkout=2025-11-02&dest_id=-2106102&dest_type=city&group_adults=2&req_adults=2&no_rooms=1&group_children=0&req_children=0&hpos=23&hapos=23&sr_order=popularity&srpvid=961c8f47a86b32b8ba1bcf088f10293a&srepoch=1761905636&all_sr_blocks=1268942101_407314397_2_2_0&highlighted_blocks=1268942101_407314397_2_2_0&matching_block_id=1268942101_407314397_2_2_0&sr_pri_blocks=1268942101_407314397_2_2_0__301320&from=searchresults
The Pearl Plaza Hotel - Walking Distance From New Delhi Railway Station and Connaught Place,"Paharganj, New Delhi (Chandni Chowk)","RS 2,176",Excellent,8.7,314,https://www.booking.com/hotel/in/pearl-plaza-boutique.html?label=gen173nr-10CAEoggI46AdIM1gEaGyIAQGYATO4ARfIAQzYAQPoAQH4AQGIAgGoAgG4AvCmkcgGwAIB0gIkNzFhN2ZmNWEtZDhhYy00NDAhLTlhMWMtYjQ3YmVkMDY2MWUx2AIB4AIB&aid=304142&ucfs=1&arphpl=1&checkin=2025-11-01&checkout=2025-11-02&dest_id=-2106102&dest_type=city&group_adults=2&req_adults=2&no_rooms=1&group_children=0&req_children=0&hpos=24&hapos=24&sr_order=popularity&srpvid=961c8f47a86b32b8ba1bcf088f10293a&srepoch=1761905636&all_sr_blocks=1233265801_406266343_2_42_0_761394&highlighted_blocks=1233265801_406266343_2_42_0_761394&matching_block_id=1233265801_406266343_2_42_0_761394&sr_pri_blocks=1233265801_406266343_2_42_0_761394_217568&from=searchresults
Olive Serviced Apartments - New Friends Colony,"New Friends Colony, New Delhi","RS 5,183",Exceptional,9.5,28,https://www.booking.com/hotel/in/olive-new-friends-colony.html?label=gen173nr-10CAEoggI46AdIM1gEaGyIAQGYATO4ARfIAQzYAQPoAQH4AQGIAgGoAgG4AvCmkcgGwAIB0gIkNzFhN2ZmNWEtZDhhYy00NDAhLTlhMWMtYjQ3YmVkMDY2MWUx2AIB4AIB&aid=304142&ucfs=1&arphpl=1&checkin=2025-11-01&checkout=2025-11-02&dest_id=-2106102&dest_type=city&group_adults=2&req_adults=2&no_rooms=1&group_children=0&req_children=0&hpos=25&hapos=25&sr_order=popularity&srpvid=961c8f47a86b32b8ba1bcf088f10293a&srepoch=1761905636&all_sr_blocks=1286817020_401635938_2_0_0_1152824&highlighted_blocks=1286817020_401635938_2_0_0_1152824&matching_block_id=1286817020_401635938_2_0_0_1152824&sr_pri_blocks=1286817020_401635938_2_0_0_1152824_518275&from=searchresults
Hotel Chanchal Deluxe - New Delhi Train Station,"Paharganj, New Delhi (Chandni Chowk)","RS 1,349",Very Good,8.2,360,https://www.booking.com/hotel/in/chanchal-deluxe-delhi.html?label=gen173nr-10CAEoggI46AdIM1gEaGyIAQGYATO4ARfIAQzYAQPoAQH4AQGIAgGoAgG4AvCmkcgGwAIB0gIkNzFhN2ZmNWEtZDhhYy00NDAhLTlhMWMtYjQ3YmVkMDY2MWUx2AIB4AIB&aid=304142&ucfs=1&arphpl=1&checkin=2025-11-01&checkout=2025-11-02&dest_id=-2106102&dest_type=city&group_adults=2&req_adults=2&no_rooms=1&group_children=0&req_children=0&hpos=26&hapos=26&sr_order=popularity&srpvid=961c8f47a86b32b8ba1bcf088f10293a&srepoch=1761905636&all_sr_blocks=1393651101_411735866_2_0_0_1222285&highlighted_blocks=1393651101_411735866_2_0_0_1222285&matching_block_id=1393651101_411735866_2_0_0_1222285&sr_pri_blocks=1393651101_411735866_2_0_0_1222285_134925&from=searchresults
